,query,from_ut,from_ky,from_wa,from_ko,from_me,shortest_step,label_ut,label_ky,label_wa,label_ko,label_me,index,label
0,東京大学,0,2,4,2,2,0,True,False,False,False,False,0,0
1,京都大学,2,0,4,2,3,0,False,True,False,False,False,1,1
2,明治大学,2,3,4,2,0,0,False,False,False,False,True,2,2
3,早稲田大学,4,4,0,4,4,0,False,False,True,False,False,3,3
4,慶應義塾大学,2,2,4,0,2,0,False,False,False,True,False,4,4
5,届け,3,3,5,3,3,3,True,True,False,True,True,5,4
6,おの,4,5,5,4,3,3,False,False,False,False,True,6,2
7,m,3,4,5,3,1,1,False,False,False,False,True,7,2
8,ドライバー,4,5,5,4,3,3,False,False,False,False,True,8,2
9,施政,3,4,5,3,4,3,True,False,False,True,False,9,0
10,利用,3,3,3,3,2,2,False,False,False,False,True,10,2
11,距離,4,4,5,3,4,3,False,False,False,True,False,11,4
12,カ,3,4,5,4,4,3,True,False,False,False,False,12,0
13,球団,3,4,5,3,3,3,True,False,False,True,True,13,4
14,予測,4,4,7,5,5,4,True,True,False,False,False,14,0
15,財務省,5,6,6,5,3,3,False,False,False,False,True,15,2
16,培養,99,99,99,99,99,99,True,True,True,True,True,16,0
17,土,99,99,99,99,99,99,True,True,True,True,True,17,0
18,さいたま,3,4,5,4,4,3,True,False,False,False,False,18,0
19,法律,3,4,4,3,4,3,True,False,False,True,False,19,0
20,in,4,2,6,4,3,2,False,True,False,False,False,20,1
21,塾,4,4,5,3,3,3,False,False,False,True,True,21,2
22,宴会,4,3,5,4,4,3,False,True,False,False,False,22,1
23,設定,2,3,4,3,2,2,True,False,False,False,True,23,0
24,お知らせ,2,3,3,2,2,2,True,False,False,True,True,24,0
25,公演,3,4,4,3,3,3,True,False,False,True,True,25,4
26,定款,2,3,4,2,2,2,True,False,False,True,True,26,2
27,レセプション,3,4,5,4,4,3,True,False,False,False,False,27,0
28,ネット,4,3,5,3,4,3,False,True,False,True,False,28,4
29,中小,3,4,5,3,4,3,True,False,False,True,False,29,0
30,提供,3,3,5,3,3,3,True,True,False,True,True,30,1
31,案内,3,3,3,3,1,1,False,False,False,False,True,31,2
32,一覧,3,4,5,3,3,3,True,False,False,True,True,32,4
33,ファイル,2,3,4,2,2,2,True,False,False,True,True,33,0
34,自分,3,4,5,3,4,3,True,False,False,True,False,34,4
35,ライフ,1,3,5,3,3,1,True,False,False,False,False,35,0
36,取扱い,3,4,5,3,3,3,True,False,False,True,True,36,2
37,š,4,4,6,4,4,4,True,True,False,True,True,37,2
38,協同,3,1,4,2,3,1,False,True,False,False,False,38,1
39,）.,3,4,5,3,2,2,False,False,False,False,True,39,2
40,練馬,3,3,4,3,4,3,True,True,False,True,False,40,4
41,a,4,2,6,4,3,2,False,True,False,False,False,41,1
42,入試,3,3,5,1,1,1,False,False,False,True,True,42,2
43,野球,3,4,5,3,3,3,True,False,False,True,True,43,4
44,Web,2,3,3,3,2,2,True,False,False,False,True,44,0
45,タ,3,4,5,4,4,3,True,False,False,False,False,45,0
46,予定,3,4,4,3,2,2,False,False,False,False,True,46,2
47,ファンクラブ,3,3,3,3,3,3,True,True,True,True,True,47,0
48,グループ,3,4,4,3,4,3,True,False,False,True,False,48,4
49,高齢,4,4,5,4,3,3,False,False,False,False,True,49,2
50,スキー,4,4,5,3,4,3,False,False,False,True,False,50,4
51,カフェ,3,4,5,3,3,3,True,False,False,True,True,51,0
52,フレーズ,4,4,6,4,3,3,False,False,False,False,True,52,2
53,通常,3,3,5,3,4,3,True,True,False,True,False,53,0
54,上映,3,4,5,3,3,3,True,False,False,True,True,54,0
55,当社,3,4,5,3,3,3,True,False,False,True,True,55,0
56,幕張,2,3,4,2,2,2,True,False,False,True,True,56,4
57,T,3,4,5,4,4,3,True,False,False,False,False,57,0
58,R,3,4,4,3,4,3,True,False,False,True,False,58,0
59,目録,4,3,5,4,4,3,False,True,False,False,False,59,1
60,クレジット,4,4,4,4,4,4,True,True,True,True,True,60,4
61,財団,3,3,4,3,4,3,True,True,False,True,False,61,0
62,青葉,3,4,5,3,3,3,True,False,False,True,True,62,4
63,気象,4,3,6,4,4,3,False,True,False,False,False,63,1
64,公開,3,4,5,3,3,3,True,False,False,True,True,64,4
65,ON,3,3,5,3,2,2,False,False,False,False,True,65,2
66,パチンコ,3,3,4,3,3,3,True,True,False,True,True,66,0
67,卒業,3,4,3,3,3,3,True,False,True,True,True,67,4
68,公衆,3,4,5,3,3,3,True,False,False,True,True,68,2
69,システム,3,4,5,3,3,3,True,False,False,True,True,69,4
70,旅,4,5,6,5,3,3,False,False,False,False,True,70,2
71,アドバイス,3,4,5,4,4,3,True,False,False,False,False,71,0
72,インターネット,3,3,4,3,3,3,True,True,False,True,True,72,2
73,得,3,4,5,3,3,3,True,False,False,True,True,73,0
74,NTT,3,4,5,3,3,3,True,False,False,True,True,74,0
75,経営,3,4,4,3,3,3,True,False,False,True,True,75,0
76,募金,4,4,4,4,3,3,False,False,False,False,True,76,2
77,スペック,3,4,5,3,3,3,True,False,False,True,True,77,2
78,ホール,3,4,4,3,3,3,True,False,False,True,True,78,4
79,売買,3,3,5,3,3,3,True,True,False,True,True,79,1
80,留学,2,3,4,2,2,2,True,False,False,True,True,80,0
81,速報,3,4,5,3,3,3,True,False,False,True,True,81,4
82,地図,3,3,5,3,3,3,True,True,False,True,True,82,1
83,更新,3,4,5,3,3,3,True,False,False,True,True,83,2
84,客室,4,3,5,4,4,3,False,True,False,False,False,84,1
85,訪問,4,4,6,3,5,3,False,False,False,True,False,85,4
86,くじ,4,5,6,4,4,4,True,False,False,True,True,86,2
87,限定,3,4,4,3,3,3,True,False,False,True,True,87,2
88,構内,3,3,5,3,3,3,True,True,False,True,True,88,0
89,医学,2,2,3,2,3,2,True,True,False,True,False,89,1
90,ぴあ,3,4,4,3,3,3,True,False,False,True,True,90,4
91,ファームウェア,4,5,5,4,3,3,False,False,False,False,True,91,2
92,お先,4,5,5,4,3,3,False,False,False,False,True,92,2
93,降水,3,3,5,3,3,3,True,True,False,True,True,93,0
94,状況,3,3,5,3,4,3,True,True,False,True,False,94,0
95,住宅,2,2,4,2,2,2,True,True,False,True,True,95,4
96,表示,2,3,5,3,3,2,True,False,False,False,False,96,0
97,早稲田,2,2,4,2,2,2,True,True,False,True,True,97,4
98,ミオホール,4,4,5,4,2,2,False,False,False,False,True,98,2
99,レストラン,4,3,5,4,4,3,False,True,False,False,False,99,1
100,購入,2,3,4,2,2,2,True,False,False,True,True,100,2
101,B,3,5,6,4,4,3,True,False,False,False,False,101,0
102,営業,3,3,5,3,3,3,True,True,False,True,True,102,1
103,応募,3,4,5,3,3,3,True,False,False,True,True,103,0
104,メディア,3,4,5,3,3,3,True,False,False,True,True,104,0
105,キャンパス,1,3,3,1,3,1,True,False,False,True,False,105,0
106,大学,3,3,3,3,1,1,False,False,False,False,True,106,2
107,ライフル,3,3,5,3,3,3,True,True,False,True,True,107,2
108,整備,3,4,5,3,4,3,True,False,False,True,False,108,4
109,箏曲,4,4,6,4,4,4,True,True,False,True,True,109,4
110,宅急便,3,3,4,3,4,3,True,True,False,True,False,110,1
111,版,3,4,5,3,4,3,True,False,False,True,False,111,4
112,木,2,3,4,2,2,2,True,False,False,True,True,112,2
113,メール,3,4,4,3,3,3,True,False,False,True,True,113,4
114,人間,2,2,4,2,4,2,True,True,False,True,False,114,4
115,名所,3,3,5,3,3,3,True,True,False,True,True,115,0
116,出願,2,3,4,2,2,2,True,False,False,True,True,116,0
117,料理,3,3,5,3,3,3,True,True,False,True,True,117,1
118,機関,3,3,4,3,3,3,True,True,False,True,True,118,2
119,地層,2,2,4,2,4,2,True,True,False,True,False,119,0
120,演奏,3,4,4,3,3,3,True,False,False,True,True,120,4
121,書名,3,3,5,3,3,3,True,True,False,True,True,121,4
122,旅行,3,3,5,3,3,3,True,True,False,True,True,122,0
123,ビジョン,2,2,4,2,2,2,True,True,False,True,True,123,1
124,ツアー,4,5,6,5,3,3,False,False,False,False,True,124,2
125,仕事,4,4,5,4,3,3,False,False,False,False,True,125,2
126,com,3,4,5,3,3,3,True,False,False,True,True,126,4
127,病院,3,3,4,2,3,2,False,False,False,True,False,127,4
128,交通,4,4,5,4,4,4,True,True,False,True,True,128,0
129,クラブ,3,5,6,4,4,3,True,False,False,False,False,129,0
130,仏閣,5,3,6,5,5,3,False,True,False,False,False,130,1
131,千葉,3,4,5,3,3,3,True,False,False,True,True,131,2
132,発信,1,3,4,2,2,1,True,False,False,False,False,132,0
133,生活,2,4,5,3,3,2,True,False,False,False,False,133,0
134,土地,3,3,5,3,3,3,True,True,False,True,True,134,2
135,受付,2,3,4,3,3,2,True,False,False,False,False,135,0
136,教員,99,99,99,99,99,99,True,True,True,True,True,136,3
137,総会,2,3,2,2,2,2,True,False,True,True,True,137,2
138,Fi,5,5,5,5,3,3,False,False,False,False,True,138,2
139,料,4,5,5,3,3,3,False,False,False,True,True,139,2
140,松本,4,5,5,3,3,3,False,False,False,True,True,140,2
141,人材,3,3,4,3,2,2,False,False,False,False,True,141,2
142,出口,4,4,5,4,4,4,True,True,False,True,True,142,2
143,客船,3,4,5,3,3,3,True,False,False,True,True,143,2
144,口コミ,3,3,5,3,3,3,True,True,False,True,True,144,0
145,チェック,3,3,5,3,3,3,True,True,False,True,True,145,2
146,山口大学,3,3,5,2,4,2,False,False,False,True,False,146,4
147,シネマ,3,4,5,3,3,3,True,False,False,True,True,147,2
148,年,3,3,5,3,3,3,True,True,False,True,True,148,2
149,Microsoft,4,5,5,4,3,3,False,False,False,False,True,149,2
150,ステーション,4,4,6,3,5,3,False,False,False,True,False,150,4
151,ゲーム,3,4,5,4,4,3,True,False,False,False,False,151,0
152,数字,4,5,6,4,4,4,True,False,False,True,True,152,4
153,メンテナンス,3,4,4,3,3,3,True,False,False,True,True,153,0
154,登録,3,3,3,3,3,3,True,True,True,True,True,154,0
155,Wi,5,5,5,5,3,3,False,False,False,False,True,155,2
156,主体,3,1,4,3,3,1,False,True,False,False,False,156,1
157,学習,4,5,5,3,3,3,False,False,False,True,True,157,2
158,写真,3,3,5,3,3,3,True,True,False,True,True,158,2
159,木材,3,4,5,3,3,3,True,False,False,True,True,159,0
160,ア,3,4,5,4,4,3,True,False,False,False,False,160,0
161,Yahoo,4,5,6,4,4,4,True,False,False,True,True,161,4
162,卒業生,2,3,2,2,2,2,True,False,True,True,True,162,0
163,採用,3,4,5,3,3,3,True,False,False,True,True,163,4
164,シルバー,4,4,5,4,3,3,False,False,False,False,True,164,2
165,ニュース,3,4,5,3,3,3,True,False,False,True,True,165,2
166,文化,2,3,3,2,3,2,True,False,False,True,False,166,4
167,SOUND,3,2,5,3,3,2,False,True,False,False,False,167,1
168,進路,3,4,4,3,3,3,True,False,False,True,True,168,2
169,演歌,4,4,6,4,3,3,False,False,False,False,True,169,2
170,ƒ,4,3,6,4,4,3,False,True,False,False,False,170,1
171,ツム,3,4,5,3,3,3,True,False,False,True,True,171,2
172,株式会社,3,3,5,3,3,3,True,True,False,True,True,172,0
173,サロン,3,4,5,3,3,3,True,False,False,True,True,173,4
174,交流,3,4,5,3,3,3,True,False,False,True,True,174,0
175,出場,4,5,5,4,3,3,False,False,False,False,True,175,2
176,ログイン,3,3,3,3,3,3,True,True,True,True,True,176,1
177,急ぎ,3,3,5,3,4,3,True,True,False,True,False,177,1
178,地球,3,4,4,3,4,3,True,False,False,True,False,178,0
179,新聞,4,3,5,4,4,3,False,True,False,False,False,179,1
180,問い合わせ,3,4,4,3,2,2,False,False,False,False,True,180,2
181,お客様,2,3,4,2,2,2,True,False,False,True,True,181,4
182,会議,3,3,5,3,3,3,True,True,False,True,True,182,4
183,?,4,3,6,4,4,3,False,True,False,False,False,183,1
184,株式,3,4,5,3,3,3,True,False,False,True,True,184,0
185,配信,3,4,5,3,3,3,True,False,False,True,True,185,2
186,検索,2,2,4,2,2,2,True,True,False,True,True,186,1
187,選手,2,3,4,2,2,2,True,False,False,True,True,187,4
188,琴,4,4,6,4,4,4,True,True,False,True,True,188,0
189,コラボカフェ,3,4,5,3,3,3,True,False,False,True,True,189,0
190,計画,2,3,4,2,3,2,True,False,False,True,False,190,0
191,総合,2,3,4,2,2,2,True,False,False,True,True,191,4
192,回収,3,4,5,3,3,3,True,False,False,True,True,192,4
193,日本,3,3,3,3,3,3,True,True,True,True,True,193,3
194,金利,3,4,6,4,5,3,True,False,False,False,False,194,0
195,センター,2,2,3,2,3,2,True,True,False,True,False,195,4
196,アカデミー,3,3,4,3,3,3,True,True,False,True,True,196,0
197,リーグ,2,4,5,3,3,2,True,False,False,False,False,197,0
198,物流,3,3,4,2,2,2,False,False,False,True,True,198,2
199,三つ,3,1,5,3,4,1,False,True,False,False,False,199,1
200,子育て,3,4,5,3,4,3,True,False,False,True,False,200,4
201,葬儀,5,5,5,5,3,3,False,False,False,False,True,201,2
202,事務所,3,4,5,3,3,3,True,False,False,True,True,202,4
203,アリーナ,2,3,4,3,3,2,True,False,False,False,False,203,0
204,人,3,4,5,3,4,3,True,False,False,True,False,204,0
205,神社,5,3,6,5,5,3,False,True,False,False,False,205,1
206,月,1,2,3,1,2,1,True,False,False,True,False,206,4
207,スポーツ,3,4,5,4,4,3,True,False,False,False,False,207,0
208,館,3,4,5,3,3,3,True,False,False,True,True,208,4
209,こ,4,4,6,4,4,4,True,True,False,True,True,209,1
210,toto,3,4,5,3,3,3,True,False,False,True,True,210,2
211,カメラ,3,3,5,3,4,3,True,True,False,True,False,211,4
212,著者,3,3,5,3,3,3,True,True,False,True,True,212,2
213,宝くじ,3,4,5,3,3,3,True,False,False,True,True,213,0
214,予備校,3,3,4,2,2,2,False,False,False,True,True,214,2
215,区,3,3,5,3,3,3,True,True,False,True,True,215,2
216,政策,3,4,4,3,4,3,True,False,False,True,False,216,0
217,地中,5,3,6,5,5,3,False,True,False,False,False,217,1
218,施設,3,3,4,3,3,3,True,True,False,True,True,218,4
219,絖,99,99,99,99,99,99,True,True,True,True,True,219,2
220,科学,2,2,3,2,3,2,True,True,False,True,False,220,1
221,年金,3,4,4,3,4,3,True,False,False,True,False,221,0
222,価格,3,4,5,3,3,3,True,False,False,True,True,222,4
223,オンライン,3,2,4,3,3,2,False,True,False,False,False,223,1
224,生活協同組合,1,3,4,2,2,1,True,False,False,False,False,224,0
225,ホットペッパービューティー,3,3,5,3,3,3,True,True,False,True,True,225,4
226,サ,3,4,5,4,4,3,True,False,False,False,False,226,0
227,料金,3,4,4,3,3,3,True,False,False,True,True,227,2
228,観察,3,4,5,3,3,3,True,False,False,True,True,228,0
229,一般,3,4,5,3,3,3,True,False,False,True,True,229,0
230,郵便,2,3,5,3,3,2,True,False,False,False,False,230,0
231,部屋,3,2,4,2,3,2,False,True,False,True,False,231,1
232,実績,3,4,5,3,3,3,True,False,False,True,True,232,0
233,附属,2,3,4,2,2,2,True,False,False,True,True,233,4
234,制度,3,3,4,3,3,3,True,True,False,True,True,234,1
235,黄疸,3,4,6,4,4,3,True,False,False,False,False,235,0
236,to,4,2,6,4,3,2,False,True,False,False,False,236,1
237,ランキング,3,3,5,3,3,3,True,True,False,True,True,237,1
238,まち,3,4,5,3,4,3,True,False,False,True,False,238,4
239,機器,3,3,5,3,3,3,True,True,False,True,True,239,4
240,スーモ,2,2,4,2,2,2,True,True,False,True,True,240,4
241,野菜,99,99,99,99,99,99,True,True,True,True,True,241,3
242,リザーブ,3,4,5,3,3,3,True,False,False,True,True,242,0
243,医療,2,2,4,2,3,2,True,True,False,True,False,243,0
244,住所,2,3,4,3,3,2,True,False,False,False,False,244,0
245,委員,4,5,5,3,3,3,False,False,False,True,True,245,2
246,!,4,5,6,4,2,2,False,False,False,False,True,246,2
247,アクセス,3,3,4,3,3,3,True,True,False,True,True,247,1
248,スケジュール,3,4,5,3,3,3,True,False,False,True,True,248,2
249,–,4,4,6,4,4,4,True,True,False,True,True,249,2
250,家,3,4,5,3,3,3,True,False,False,True,True,250,2
251,大正,5,3,6,5,5,3,False,True,False,False,False,251,1
252,ヴィジョン,2,2,4,2,2,2,True,True,False,True,True,252,2
253,検定,3,4,5,3,3,3,True,False,False,True,True,253,2
254,レース,3,4,4,3,4,3,True,False,False,True,False,254,4
255,カード,3,3,3,3,3,3,True,True,True,True,True,255,0
256,東京,2,3,4,2,2,2,True,False,False,True,True,256,4
257,蔵書,3,4,5,3,3,3,True,False,False,True,True,257,2
258,おすすめ,3,3,5,3,3,3,True,True,False,True,True,258,4
259,決議,3,4,3,3,3,3,True,False,True,True,True,259,0
260,s,4,2,6,4,5,2,False,True,False,False,False,260,1
261,熱,3,4,6,4,4,3,True,False,False,False,False,261,0
262,履修,4,5,5,3,3,3,False,False,False,True,True,262,2
263,子ども,4,4,4,4,3,3,False,False,False,False,True,263,2
264,決算,3,4,5,3,3,3,True,False,False,True,True,264,4
265,開発,3,2,4,3,3,2,False,True,False,False,False,265,1
266,認定,3,4,5,3,4,3,True,False,False,True,False,266,4
267,会見,5,6,6,5,3,3,False,False,False,False,True,267,2
268,基本,3,4,5,3,4,3,True,False,False,True,False,268,4
269,診療,3,3,4,3,3,3,True,True,False,True,True,269,2
270,ナ,3,4,5,4,4,3,True,False,False,False,False,270,0
271,マーケティング,3,3,5,3,3,3,True,True,False,True,True,271,0
272,リング,3,4,5,3,3,3,True,False,False,True,True,272,4
273,and,4,2,6,4,3,2,False,True,False,False,False,273,1
274,オフィシャルサイト,2,3,4,2,2,2,True,False,False,True,True,274,2
275,事業,3,2,4,3,3,2,False,True,False,False,False,275,1
276,秀,4,4,5,3,3,3,False,False,False,True,True,276,4
277,英語,3,3,5,3,3,3,True,True,False,True,True,277,2
278,商品,3,3,5,3,3,3,True,True,False,True,True,278,2
279,保護,2,3,4,2,2,2,True,False,False,True,True,279,4
280,KB,3,4,3,3,3,3,True,False,True,True,True,280,0
281,ディズニーシー,3,4,5,3,3,3,True,False,False,True,True,281,4
282,意識,3,3,5,3,4,3,True,True,False,True,False,282,0
283,ロト,4,5,6,4,4,4,True,False,False,True,True,283,0
284,招集,3,4,3,3,3,3,True,False,True,True,True,284,4
285,科目,4,5,5,3,3,3,False,False,False,True,True,285,4
286,核,3,3,4,3,4,3,True,True,False,True,False,286,4
287,個人,2,3,4,2,2,2,True,False,False,True,True,287,0
288,輸送,4,4,5,3,3,3,False,False,False,True,True,288,4
289,中継,3,4,4,3,4,3,True,False,False,True,False,289,4
290,運賃,99,99,99,99,99,99,True,True,True,True,True,290,3
291,世界,3,2,4,3,3,2,False,True,False,False,False,291,1
292,台風,4,3,6,4,4,3,False,True,False,False,False,292,1
293,体験,2,3,4,2,3,2,True,False,False,True,False,293,4
294,表,3,4,5,3,3,3,True,False,False,True,True,294,0
295,SG,3,4,5,3,3,3,True,False,False,True,True,295,4
296,作詞,4,4,6,4,3,3,False,False,False,False,True,296,2
297,記者,5,6,6,5,3,3,False,False,False,False,True,297,2
298,概要,3,2,5,3,4,2,False,True,False,False,False,298,1
299,支援,2,3,4,2,3,2,True,False,False,True,False,299,0
300,作品,3,3,5,3,3,3,True,True,False,True,True,300,4
301,[,3,4,5,3,3,3,True,False,False,True,True,301,4
302,気温,3,3,5,3,3,3,True,True,False,True,True,302,2
303,苓散,3,4,6,4,4,3,True,False,False,False,False,303,0
304,PDF,3,4,3,3,3,3,True,False,True,True,True,304,2
305,駐車,4,4,5,4,4,4,True,True,False,True,True,305,1
306,図書,4,3,5,4,4,3,False,True,False,False,False,306,1
307,一戸建て,3,3,5,3,3,3,True,True,False,True,True,307,1
308,福田,5,6,6,5,3,3,False,False,False,False,True,308,2
309,PF,3,4,5,3,3,3,True,False,False,True,True,309,0
310,－,2,3,5,3,4,2,True,False,False,False,False,310,0
311,品質,5,3,6,5,5,3,False,True,False,False,False,311,1
312,画面,3,4,5,4,3,3,True,False,False,False,True,312,2
313,チャンス,4,5,6,4,4,4,True,False,False,True,True,313,0
314,出版,3,3,5,3,3,3,True,True,False,True,True,314,1
315,地質,3,3,5,3,5,3,True,True,False,True,False,315,1
316,甲,4,4,6,4,4,4,True,True,False,True,True,316,2
317,カタログ,4,3,5,5,4,3,False,True,False,False,False,317,1
318,生命,3,4,5,4,4,3,True,False,False,False,False,318,0
319,スタイル,3,3,5,3,3,3,True,True,False,True,True,319,0
320,ウォーカープラス,2,3,4,2,2,2,True,False,False,True,True,320,2
321,授業,3,4,4,2,2,2,False,False,False,True,True,321,4
322,新築,2,2,4,2,2,2,True,True,False,True,True,322,1
323,スクラッチ,4,5,6,4,4,4,True,False,False,True,True,323,2
324,曲,4,4,6,4,3,3,False,False,False,False,True,324,2
325,Œ,99,99,99,99,99,99,True,True,True,True,True,325,0
326,調査,2,2,4,2,3,2,True,True,False,True,False,326,0
327,療養,4,4,6,3,5,3,False,False,False,True,False,327,4
328,A,3,4,5,3,3,3,True,False,False,True,True,328,2
329,プレゼント,2,3,4,2,2,2,True,False,False,True,True,329,0
330,物件,2,1,5,3,3,1,False,True,False,False,False,330,1
331,衛星,3,3,5,3,3,3,True,True,False,True,True,331,4
332,&,4,5,6,4,2,2,False,False,False,False,True,332,2
333,ラジオ,3,4,5,3,3,3,True,False,False,True,True,333,0
334,VISION,3,2,5,3,3,2,False,True,False,False,False,334,1
335,仙台,2,3,4,2,2,2,True,False,False,True,True,335,4
336,最新,2,3,4,2,2,2,True,False,False,True,True,336,2
337,製品,2,3,4,2,2,2,True,False,False,True,True,337,2
338,定時,3,4,3,3,3,3,True,False,True,True,True,338,2
339,サポート,2,3,4,2,1,1,False,False,False,False,True,339,2
340,動画,3,3,4,3,3,3,True,True,False,True,True,340,1
341,説明,3,4,5,3,3,3,True,False,False,True,True,341,4
342,処分,2,2,4,2,3,2,True,True,False,True,False,342,1
343,ミッション,4,2,6,4,5,2,False,True,False,False,False,343,1
344,大会,3,3,3,3,3,3,True,True,True,True,True,344,0
345,クルーズ,3,4,5,3,3,3,True,False,False,True,True,345,4
346,デジタル,3,2,4,4,3,2,False,True,False,False,False,346,1
347,実施,3,3,5,3,4,3,True,True,False,True,False,347,1
348,UNICEF,4,4,4,4,3,3,False,False,False,False,True,348,2
349,確認,3,3,4,3,3,3,True,True,False,True,True,349,4
350,郁,2,3,4,2,2,2,True,False,False,True,True,350,4
351,(@,3,4,5,3,3,3,True,False,False,True,True,351,4
352,労働,3,3,5,3,3,3,True,True,False,True,True,352,1
353,登記,3,4,4,3,3,3,True,False,False,True,True,353,0
354,特典,4,4,4,4,4,4,True,True,True,True,True,354,2
355,解説,3,3,5,3,3,3,True,True,False,True,True,355,2
356,会館,3,4,4,3,4,3,True,False,False,True,False,356,0
357,市民,3,4,4,3,4,3,True,False,False,True,False,357,0
358,マ,3,4,5,4,4,3,True,False,False,False,False,358,0
359,研究,1,1,3,1,3,1,True,True,False,True,False,359,0
360,of,4,2,6,4,3,2,False,True,False,False,False,360,1
361,地域,2,2,3,2,3,2,True,True,False,True,False,361,1
362,｡,4,4,6,4,4,4,True,True,False,True,True,362,1
363,福岡,3,4,5,4,4,3,True,False,False,False,False,363,0
364,校友,3,3,1,3,3,1,False,False,True,False,False,364,3
365,One,3,4,5,3,4,3,True,False,False,True,False,365,4
366,テレビ,3,4,5,3,3,3,True,False,False,True,True,366,4
367,アマゾン,3,3,5,3,3,3,True,True,False,True,True,367,1
368,収集,3,4,5,3,3,3,True,False,False,True,True,368,4
369,育成,4,4,5,4,3,3,False,False,False,False,True,369,2
370,都市,3,4,5,3,4,3,True,False,False,True,False,370,4
371,日程,3,4,5,3,3,3,True,False,False,True,True,371,0
372,渋谷,2,2,4,2,2,2,True,True,False,True,True,372,1
373,取材,5,6,6,5,3,3,False,False,False,False,True,373,2
374,NHK,3,4,5,3,3,3,True,False,False,True,True,374,2
375,ホームページ,3,4,3,3,3,3,True,False,True,True,True,375,3
376,受験,3,3,5,3,3,3,True,True,False,True,True,376,0
377,当せん,4,5,6,4,4,4,True,False,False,True,True,377,0
378,Tweets,3,4,5,3,3,3,True,False,False,True,True,378,0
379,マイ,3,4,4,3,3,3,True,False,False,True,True,379,0
380,保険,3,3,4,3,3,3,True,True,False,True,True,380,2
381,順位,3,5,6,4,4,3,True,False,False,False,False,381,0
382,所蔵,3,2,4,3,3,2,False,True,False,False,False,382,1
383,アセットマネジメント,3,4,5,3,4,3,True,False,False,True,False,383,4
384,相談,2,3,3,2,3,2,True,False,False,True,False,384,0
385,共済,3,2,5,3,4,2,False,True,False,False,False,385,1
386,日,2,3,4,2,2,2,True,False,False,True,True,386,4
387,番号,2,3,4,3,3,2,True,False,False,False,False,387,0
388,チケット,2,3,3,2,2,2,True,False,False,True,True,388,4
389,公共,4,4,5,4,4,4,True,True,False,True,True,389,1
390,募集,4,5,5,3,3,3,False,False,False,True,True,390,4
391,内容,4,5,5,4,3,3,False,False,False,False,True,391,2
392,治療,3,3,4,3,4,3,True,True,False,True,False,392,1
393,発表,3,4,5,3,3,3,True,False,False,True,True,393,4
394,蔯蒿,3,4,6,4,4,3,True,False,False,False,False,394,0
395,€,4,4,6,4,4,4,True,True,False,True,True,395,2
396,確率,4,3,6,4,4,3,False,True,False,False,False,396,1
397,文化財,3,4,5,3,3,3,True,False,False,True,True,397,4
398,入力,4,4,3,4,4,3,False,False,True,False,False,398,3
399,テーマ,3,4,5,4,2,2,False,False,False,False,True,399,2
400,バス,4,4,5,4,4,4,True,True,False,True,True,400,4
401,地点,3,3,5,3,3,3,True,True,False,True,True,401,4
402,パーク,4,5,6,5,3,3,False,False,False,False,True,402,2
403,ポイント,2,3,4,3,3,2,True,False,False,False,False,403,0
404,会員,3,3,2,3,3,2,False,False,True,False,False,404,3
405,大分,3,4,5,3,3,3,True,False,False,True,True,405,4
406,同窓生,3,4,3,3,3,3,True,False,True,True,True,406,0
407,方針,2,3,4,2,3,2,True,False,False,True,False,407,4
408,東,3,3,5,3,3,3,True,True,False,True,True,408,1
409,雨雲,4,3,6,4,4,3,False,True,False,False,False,409,1
410,単位,3,3,5,3,3,3,True,True,False,True,True,410,2
411,全国,2,2,3,2,2,2,True,True,False,True,True,411,2
412,医師,2,2,3,2,2,2,True,True,False,True,True,412,1
413,技能,4,4,5,4,3,3,False,False,False,False,True,413,2
414,講座,3,4,4,3,1,1,False,False,False,False,True,414,2
415,観光,2,2,4,2,2,2,True,True,False,True,True,415,4
416,初期,3,4,5,4,3,3,True,False,False,False,True,416,2
417,意見,3,4,5,3,3,3,True,False,False,True,True,417,0
418,動き,4,4,7,5,5,4,True,True,False,False,False,418,1
419,リゾート,4,3,5,3,4,3,False,True,False,True,False,419,1
420,-.,3,4,5,3,3,3,True,False,False,True,True,420,4
421,市,2,2,4,2,2,2,True,True,False,True,True,421,1
422,映画,2,3,4,2,2,2,True,False,False,True,True,422,0
423,席,3,4,4,3,3,3,True,False,False,True,True,423,0
424,朝日新聞,4,3,5,5,4,3,False,True,False,False,False,424,1
425,梅,3,3,5,3,3,3,True,True,False,True,True,425,0
426,GameWith,3,4,5,3,3,3,True,False,False,True,True,426,4
427,オフィス,3,3,5,3,3,3,True,True,False,True,True,427,0
428,弦,4,4,6,4,4,4,True,True,False,True,True,428,4
429,地下,3,3,5,3,5,3,True,True,False,True,False,429,1
430,処理,3,3,5,3,4,3,True,True,False,True,False,430,4
431,ポータルサイト,2,3,4,2,2,2,True,False,False,True,True,431,4
432,国際,3,4,5,3,3,3,True,False,False,True,True,432,0
433,福祉,3,3,4,3,4,3,True,True,False,True,False,433,0
434,デッキ,3,4,5,3,3,3,True,False,False,True,True,434,0
435,面接,4,5,5,3,3,3,False,False,False,True,True,435,4
436,F,3,3,5,3,3,3,True,True,False,True,True,436,4
437,掲載,3,3,4,3,3,3,True,True,False,True,True,437,2
438,消費,1,3,4,3,3,1,True,False,False,False,False,438,0
439,ワールド,3,4,5,3,3,3,True,False,False,True,True,439,2
440,国勢,3,3,5,3,4,3,True,True,False,True,False,440,1
441,マップ,2,2,4,2,2,2,True,True,False,True,True,441,4
442,注文,3,3,5,3,3,3,True,True,False,True,True,442,4
443,販売,3,3,4,3,3,3,True,True,False,True,True,443,4
444,活動,3,3,2,3,3,2,False,False,True,False,False,444,3
445,キャンペーン,2,3,4,2,2,2,True,False,False,True,True,445,0
446,発電,3,3,5,3,5,3,True,True,False,True,False,446,0
447,特性,3,1,4,3,3,1,False,True,False,False,False,447,1
448,通信,4,5,6,4,4,4,True,False,False,True,True,448,2
449,学生,3,3,4,1,1,1,False,False,False,True,True,449,2
450,団体,3,3,3,3,3,3,True,True,True,True,True,450,0
451,漢方,3,4,6,4,4,3,True,False,False,False,False,451,0
452,ID,3,4,3,4,3,3,True,False,True,False,True,452,0
453,ブログ,3,4,5,3,4,3,True,False,False,True,False,453,4
454,組合,2,2,4,3,3,2,True,True,False,False,False,454,1
455,宿泊,3,3,4,4,4,3,True,True,False,False,False,455,1
456,陳,3,4,6,4,4,3,True,False,False,False,False,456,0
457,アパート,2,2,4,2,2,2,True,True,False,True,True,457,2
458,Amazon,3,3,5,3,4,3,True,True,False,True,False,458,4
459,au,3,4,5,3,3,3,True,False,False,True,True,459,0
460,ミオクラブ,5,5,6,5,3,3,False,False,False,False,True,460,2
461,円,4,4,6,4,4,4,True,True,False,True,True,461,2
462,原子力,3,3,5,3,5,3,True,True,False,True,False,462,4
463,知事,5,6,6,5,3,3,False,False,False,False,True,463,2
464,雑誌,4,3,5,4,4,3,False,True,False,False,False,464,1
465,年間,2,3,4,2,2,2,True,False,False,True,True,465,0
466,ホームズ,3,3,5,3,3,3,True,True,False,True,True,466,2
467,',4,2,6,4,4,2,False,True,False,False,False,467,1
468,先進,2,2,4,2,3,2,True,True,False,True,False,468,0
469,Mission,3,1,5,3,4,1,False,True,False,False,False,469,1
470,≫,4,2,5,4,4,2,False,True,False,False,False,470,1
471,保全,3,4,4,3,4,3,True,False,False,True,False,471,0
472,キャリア,3,4,4,3,3,3,True,False,False,True,True,472,0
473,研修,4,4,6,3,5,3,False,False,False,True,False,473,4
474,定額,4,4,6,4,4,4,True,True,False,True,True,474,4
475,‚,4,4,6,4,4,4,True,True,False,True,True,475,1
476,ビジネス,3,3,5,3,3,3,True,True,False,True,True,476,4
477,サービス,3,2,3,3,2,2,False,True,False,False,True,477,1
478,領事,3,4,5,3,3,3,True,False,False,True,True,478,2
479,音,4,4,6,4,4,4,True,True,False,True,True,479,1
480,教室,3,4,5,3,3,3,True,False,False,True,True,480,4
481,Windows,4,5,5,4,3,3,False,False,False,False,True,481,2
482,視聴,3,4,4,3,3,3,True,False,False,True,True,482,2
483,映像,3,4,4,3,4,3,True,False,False,True,False,483,4
484,掲示板,3,3,5,3,4,3,True,True,False,True,False,484,0
485,教育,3,3,3,3,3,3,True,True,True,True,True,485,2
486,実態,3,3,5,3,4,3,True,True,False,True,False,486,1
487,選抜,4,5,5,3,3,3,False,False,False,True,True,487,4
488,窓口,2,3,4,3,3,2,True,False,False,False,False,488,0
489,お客,3,4,5,3,3,3,True,False,False,True,True,489,0
490,e,3,4,5,3,3,3,True,False,False,True,True,490,0
491,賃貸,2,2,4,2,2,2,True,True,False,True,True,491,2
492,師,4,4,6,3,5,3,False,False,False,True,False,492,4
493,資源,3,4,5,3,3,3,True,False,False,True,True,493,2
494,策定,3,3,5,3,3,3,True,True,False,True,True,494,0
495,宮城大学,99,99,99,99,99,99,True,True,True,True,True,495,0
496,劇場,3,4,5,3,3,3,True,False,False,True,True,496,0
497,～,2,3,4,3,3,2,True,False,False,False,False,497,0
498,倉庫,4,4,5,3,3,3,False,False,False,True,True,498,2
499,コメダ,99,99,99,99,99,99,True,True,True,True,True,499,4
500,免除,4,5,5,3,3,3,False,False,False,True,True,500,4
501,d,3,4,4,4,4,3,True,False,False,False,False,501,0
502,略称,2,2,4,2,2,2,True,True,False,True,True,502,0
503,タッチ,5,5,5,5,3,3,False,False,False,False,True,503,2
504,ディズニー,3,4,5,3,3,3,True,False,False,True,True,504,2
505,大阪,3,3,5,3,3,3,True,True,False,True,True,505,1
506,設立,4,2,5,3,4,2,False,True,False,False,False,506,1
507,試合,2,3,4,2,2,2,True,False,False,True,True,507,0
508,紹介,3,2,4,1,3,1,False,False,False,True,False,508,4
509,CHINTAI,2,2,4,2,2,2,True,True,False,True,True,509,0
510,就職,2,3,3,2,2,2,True,False,False,True,True,510,0
511,開催,3,3,2,3,3,2,False,False,True,False,False,511,3
512,is,4,2,6,4,5,2,False,True,False,False,False,512,1
513,お買い得,4,5,6,5,3,3,False,False,False,False,True,513,2
514,会社,3,2,5,3,3,2,False,True,False,False,False,514,1
515,曜日,2,3,4,2,2,2,True,False,False,True,True,515,4
516,お越し,4,4,5,4,4,4,True,True,False,True,True,516,0
517,用語,3,3,5,3,3,3,True,True,False,True,True,517,0
518,目的,3,4,5,3,3,3,True,False,False,True,True,518,2
519,制作,3,4,5,3,3,3,True,False,False,True,True,519,2
520,ローン,3,4,5,3,3,3,True,False,False,True,True,520,0
521,オープン,2,3,4,2,3,2,True,False,False,True,False,521,4
522,通知,2,3,3,2,3,2,True,False,False,True,False,522,4
523,ご覧,3,5,6,4,4,3,True,False,False,False,False,523,0
524,隆一,5,6,6,5,3,3,False,False,False,False,True,524,2
525,t,4,4,6,4,4,4,True,True,False,True,True,525,2
526,設置,3,3,5,3,3,3,True,True,False,True,True,526,4
527,交換,3,4,5,4,4,3,True,False,False,False,False,527,0
528,L,4,4,6,4,4,4,True,True,False,True,True,528,2
529,ミュージックビデオ,2,3,4,2,2,2,True,False,False,True,True,529,0
530,試験,2,3,4,2,3,2,True,False,False,True,False,530,0
531,TV,2,4,5,3,2,2,True,False,False,False,True,531,2
532,通販,3,4,5,3,3,3,True,False,False,True,True,532,2
533,天気,3,2,5,3,3,2,False,True,False,False,False,533,1
534,横浜,3,4,5,4,4,3,True,False,False,False,False,534,0
535,日立,4,4,5,3,3,3,False,False,False,True,True,535,2
536,条件,2,3,4,2,2,2,True,False,False,True,True,536,0
537,://,4,5,6,4,2,2,False,False,False,False,True,537,2
538,楽器,4,4,6,4,4,4,True,True,False,True,True,538,0
539,語学,3,4,5,3,3,3,True,False,False,True,True,539,2
540,看護,3,3,5,2,4,2,False,False,False,True,False,540,4
541,芸術,3,4,4,3,4,3,True,False,False,True,False,541,4
542,インストール,4,5,5,4,3,3,False,False,False,False,True,542,2
543,警報,4,3,6,4,4,3,False,True,False,False,False,543,1
544,コンソーシアム,4,5,5,3,3,3,False,False,False,True,True,544,4
545,投稿,3,3,5,3,3,3,True,True,False,True,True,545,1
546,コース,3,3,4,2,3,2,False,False,False,True,False,546,4
547,殺人,3,4,5,3,3,3,True,False,False,True,True,547,0
548,高速,3,4,5,3,3,3,True,False,False,True,True,548,2
549,支部,2,2,2,2,3,2,True,True,True,True,False,549,4
550,競走,3,4,5,3,3,3,True,False,False,True,True,550,2
551,焼肉,4,4,5,3,4,3,False,False,False,True,False,551,4
552,参加,3,3,3,3,4,3,True,True,True,True,False,552,4
553,新都,3,4,5,3,3,3,True,False,False,True,True,553,2
554,データ,3,3,5,3,4,3,True,True,False,True,False,554,4
555,レベル,3,3,5,3,5,3,True,True,False,True,False,555,1
556,海外,3,4,5,3,3,3,True,False,False,True,True,556,2
557,アクティビティ,99,99,99,99,99,99,True,True,True,True,True,557,4
558,更生,3,4,5,3,3,3,True,False,False,True,True,558,4
559,質問,3,3,4,2,2,2,False,False,False,True,True,559,2
560,スーパー,3,4,5,4,4,3,True,False,False,False,False,560,0
561,社会,3,3,4,3,3,3,True,True,False,True,True,561,0
562,メッシュ,4,4,7,5,5,4,True,True,False,False,False,562,1
563,プリンセス,2,3,4,2,2,2,True,False,False,True,True,563,0
564,交付,3,4,4,3,4,3,True,False,False,True,False,564,0
565,音楽,3,4,4,3,3,3,True,False,False,True,True,565,4
566,資料,2,3,4,2,2,2,True,False,False,True,True,566,2
567,技術,3,3,4,3,4,3,True,True,False,True,False,567,1
568,自宅,4,4,4,4,2,2,False,False,False,False,True,568,2
569,学都,3,4,4,2,2,2,False,False,False,True,True,569,2
570,対策,3,4,4,3,4,3,True,False,False,True,False,570,4
571,学会,2,2,2,2,3,2,True,True,True,True,False,571,3
572,規約,4,4,3,4,3,3,False,False,True,False,True,572,2
573,コンサート,2,3,3,2,2,2,True,False,False,True,True,573,2
574,JR,3,3,5,3,3,3,True,True,False,True,True,574,1
575,会場,3,4,5,3,4,3,True,False,False,True,False,575,4
576,).,3,4,5,3,3,3,True,False,False,True,True,576,0
577,要項,3,4,4,2,2,2,False,False,False,True,True,577,4
578,イオン,3,3,5,3,3,3,True,True,False,True,True,578,2
579,徒歩,2,2,4,2,2,2,True,True,False,True,True,579,2
580,DVD,3,4,5,3,3,3,True,False,False,True,True,580,0
581,集積,3,4,5,3,3,3,True,False,False,True,True,581,0
582,中古,3,3,5,3,3,3,True,True,False,True,True,582,2
583,ウェブ,2,3,4,2,2,2,True,False,False,True,True,583,2
584,空き,4,4,5,4,4,4,True,True,False,True,True,584,2
585,プロ,3,4,5,3,3,3,True,False,False,True,True,585,0
586,路線,3,3,5,3,3,3,True,True,False,True,True,586,2
587,統計,3,3,5,3,4,3,True,True,False,True,False,587,0
588,cm,3,4,6,4,4,3,True,False,False,False,False,588,0
589,公表,3,3,5,3,4,3,True,True,False,True,False,589,1
590,米山,5,6,6,5,3,3,False,False,False,False,True,590,2
591,不妊,3,3,4,3,5,3,True,True,False,True,False,591,4
592,申,2,2,4,2,2,2,True,True,False,True,True,592,2
593,明細,4,4,4,4,4,4,True,True,True,True,True,593,1
594,ダウンロード,3,4,4,3,2,2,False,False,False,False,True,594,2
595,資格,3,4,5,3,4,3,True,False,False,True,False,595,0
596,東日本,3,3,5,3,3,3,True,True,False,True,True,596,1
597,latest,3,4,5,3,3,3,True,False,False,True,True,597,4
598,先行,3,4,4,3,3,3,True,False,False,True,True,598,4
599,運営,3,4,5,3,3,3,True,False,False,True,True,599,0
600,行政,3,3,4,3,4,3,True,True,False,True,False,600,4
601,無料,3,3,5,3,3,3,True,True,False,True,True,601,2
602,同伴,5,5,6,5,3,3,False,False,False,False,True,602,2
603,ウォーカー,3,4,5,3,3,3,True,False,False,True,True,603,4
604,助成,2,2,3,2,4,2,True,True,False,True,False,604,1
605,Vision,2,1,4,2,2,1,False,True,False,False,False,605,1
606,税,3,4,4,3,3,3,True,False,False,True,True,606,4
607,天王寺,5,5,6,5,3,3,False,False,False,False,True,607,2
608,ナンバー,3,4,4,3,4,3,True,False,False,True,False,608,0
609,大塚,3,4,5,3,3,3,True,False,False,True,True,609,0
610,from,3,4,5,3,3,3,True,False,False,True,True,610,4
611,乱,3,3,5,3,3,3,True,True,False,True,True,611,2
612,ヤ,3,4,5,4,4,3,True,False,False,False,False,612,0
613,発売,3,4,4,3,3,3,True,False,False,True,True,613,0
614,本館,5,5,6,5,3,3,False,False,False,False,True,614,2
615,ドラマ,3,4,5,3,3,3,True,False,False,True,True,615,0
616,請求,3,4,5,3,3,3,True,False,False,True,True,616,2
617,府,2,2,4,2,2,2,True,True,False,True,True,617,2
618,情,4,4,6,4,4,4,True,True,False,True,True,618,1
619,在,2,3,4,2,2,2,True,False,False,True,True,619,2
620,図書館,3,2,3,3,3,2,False,True,False,False,False,620,1
621,手続き,3,4,5,3,3,3,True,False,False,True,True,621,0
622,各種,2,3,4,2,2,2,True,False,False,True,True,622,4
623,地区,3,4,5,3,4,3,True,False,False,True,False,623,4
624,書類,3,4,5,3,3,3,True,False,False,True,True,624,2
625,フロア,3,3,5,3,3,3,True,True,False,True,True,625,4
626,予報,3,2,5,3,3,2,False,True,False,False,False,626,1
627,人気,4,4,7,5,5,4,True,True,False,False,False,627,1
628,配送,3,3,5,3,3,3,True,True,False,True,True,628,1
629,参考,3,4,5,3,3,3,True,False,False,True,True,629,2
630,大使館,3,4,5,3,3,3,True,False,False,True,True,630,0
631,HOME,3,3,5,3,3,3,True,True,False,True,True,631,0
632,辞典,3,4,5,3,3,3,True,False,False,True,True,632,0
633,診察,3,4,5,4,4,3,True,False,False,False,False,633,0
634,パス,3,4,5,3,3,3,True,False,False,True,True,634,2
635,魅力,2,3,4,2,3,2,True,False,False,True,False,635,4
636,対象,3,3,4,3,4,3,True,True,False,True,False,636,4
637,国民,3,4,5,3,3,3,True,False,False,True,True,637,4
638,同窓会,2,3,2,2,2,2,True,False,True,True,True,638,0
639,振興,3,3,4,3,4,3,True,True,False,True,False,639,4
640,リンク,3,4,5,3,3,3,True,False,False,True,True,640,2
641,抽選,3,4,5,3,3,3,True,False,False,True,True,641,4
642,インディーズ,3,4,5,3,3,3,True,False,False,True,True,642,4
643,時刻,3,3,5,3,3,3,True,True,False,True,True,643,0
644,プラザ,5,5,6,5,3,3,False,False,False,False,True,644,2
645,道路,3,4,5,3,3,3,True,False,False,True,True,645,2
646,エリア,2,3,4,2,2,2,True,False,False,True,True,646,2
647,駅,2,2,4,2,2,2,True,True,False,True,True,647,4
648,放射,3,3,5,3,4,3,True,True,False,True,False,648,4
649,パソコン,4,3,5,5,4,3,False,True,False,False,False,649,1
650,ISO,5,3,6,5,5,3,False,True,False,False,False,650,1
651,ナンバーズ,4,5,6,4,4,4,True,False,False,True,True,651,2
652,鐚,99,99,99,99,99,99,True,True,True,True,True,652,0
653,温度,4,2,5,4,4,2,False,True,False,False,False,653,1
654,期間,3,4,5,3,3,3,True,False,False,True,True,654,2
655,申込,3,2,4,3,2,2,False,True,False,False,True,655,1
656,ごみ,3,4,5,3,3,3,True,False,False,True,True,656,2
657,ルート,3,3,5,3,3,3,True,True,False,True,True,657,2
658,回答,4,4,5,3,3,3,False,False,False,True,True,658,2
659,給付,3,4,5,4,4,3,True,False,False,False,False,659,0
660,大東建託,4,3,5,3,4,3,False,True,False,True,False,660,1
661,女性,4,5,5,4,2,2,False,False,False,False,True,661,2
662,学科,3,3,4,2,3,2,False,False,False,True,False,662,4
663,歯科,3,3,4,3,3,3,True,True,False,True,True,663,2
664,湯,3,4,6,4,4,3,True,False,False,False,False,664,0
665,??,4,4,6,4,4,4,True,True,False,True,True,665,0
666,証明,3,4,3,3,3,3,True,False,True,True,True,666,0
667,海浜,3,4,5,3,3,3,True,False,False,True,True,667,4
668,チャンネル,3,4,5,3,3,3,True,False,False,True,True,668,2
669,希望,4,3,5,3,4,3,False,True,False,True,False,669,4
670,成績,4,5,5,4,3,3,False,False,False,False,True,670,2
671,IR,3,4,3,3,3,3,True,False,True,True,True,671,3
672,協会,3,3,3,3,3,3,True,True,True,True,True,672,1
673,セクハラ,5,6,6,5,3,3,False,False,False,False,True,673,2
674,分野,4,4,5,4,3,3,False,False,False,False,True,674,2
675,弘前,4,5,5,3,3,3,False,False,False,True,True,675,4
676,パスポート,3,4,5,3,3,3,True,False,False,True,True,676,2
677,行事,2,3,4,2,1,1,False,False,False,False,True,677,2
678,情報,1,2,3,1,1,1,True,False,False,True,True,678,2
679,投資,3,4,3,3,3,3,True,False,True,True,True,679,4
680,平成,3,3,3,3,3,3,True,True,True,True,True,680,0
681,マンション,2,3,5,1,3,1,False,False,False,True,False,681,4
682,クラシック,3,4,4,3,3,3,True,False,False,True,True,682,0
683,校舎,2,3,4,2,2,2,True,False,False,True,True,683,2
684,hyphen,3,4,6,4,5,3,True,False,False,False,False,684,0
685,四谷,3,4,5,3,3,3,True,False,False,True,True,685,4
686,季節,4,3,6,4,4,3,False,True,False,False,False,686,1
687,r,4,4,6,4,4,4,True,True,False,True,True,687,1
688,特集,3,4,5,3,3,3,True,False,False,True,True,688,0
689,番組,2,3,4,2,2,2,True,False,False,True,True,689,0
690,学術,3,3,3,3,4,3,True,True,True,True,False,690,4
691,京都,2,1,4,2,2,1,False,True,False,False,False,691,1
692,了,4,4,6,4,4,4,True,True,False,True,True,692,0
693,イベント,3,2,4,3,3,2,False,True,False,False,False,693,1
694,記事,3,4,5,3,4,3,True,False,False,True,False,694,4
695,求人,3,4,4,3,3,3,True,False,False,True,True,695,0
696,公益社,3,4,4,3,3,3,True,False,False,True,True,696,0
697,花,3,4,5,3,3,3,True,False,False,True,True,697,0
698,執筆,4,5,6,4,4,4,True,False,False,True,True,698,2
699,チーム,3,4,5,3,3,3,True,False,False,True,True,699,0
700,SUUMO,2,2,4,2,2,2,True,True,False,True,True,700,0
701,花粉,3,3,6,4,4,3,True,True,False,False,False,701,0
702,the,4,2,6,4,3,2,False,True,False,False,False,702,1
703,国会,3,2,4,3,3,2,False,True,False,False,False,703,1
704,朝日,3,5,6,4,3,3,True,False,False,False,True,704,0
705,歌詞,3,3,5,3,2,2,False,False,False,False,True,705,2
706,最適,3,3,5,3,3,3,True,True,False,True,True,706,4
707,ポケット,3,4,5,3,3,3,True,False,False,True,True,707,4
708,主題歌,4,4,6,4,3,3,False,False,False,False,True,708,2
709,中学,3,4,5,3,3,3,True,False,False,True,True,709,0
710,合格,2,3,4,2,2,2,True,False,False,True,True,710,0
711,環境,2,3,3,2,3,2,True,False,False,True,False,711,4
712,ホテル,3,2,4,3,3,2,False,True,False,False,False,712,1
713,パナソニック,2,2,4,2,2,2,True,True,False,True,True,713,4
714,AbemaTV,3,4,6,4,3,3,True,False,False,False,True,714,0
715,申請,3,3,4,3,3,3,True,True,False,True,True,715,1
716,分類,3,3,5,3,3,3,True,True,False,True,True,716,1
717,アニメ,3,4,5,3,3,3,True,False,False,True,True,717,4
718,各社,3,4,5,4,4,3,True,False,False,False,False,718,0
719,大学院,99,99,99,99,99,99,True,True,True,True,True,719,0
720,場所,5,5,5,5,3,3,False,False,False,False,True,720,2
721,パスワード,3,3,3,3,3,3,True,True,True,True,True,721,2
722,火災,3,4,5,4,4,3,True,False,False,False,False,722,0
723,TBS,3,4,5,3,3,3,True,False,False,True,True,723,0
724,学校,3,4,5,3,2,2,False,False,False,False,True,724,2
725,サイト,1,3,4,3,3,1,True,False,False,False,False,725,0
726,種別,3,3,5,3,3,3,True,True,False,True,True,726,0
727,学部,3,3,3,1,3,1,False,False,False,True,False,727,4
728,建築,3,4,5,3,3,3,True,False,False,True,True,728,4
729,最終,3,3,5,3,4,3,True,True,False,True,False,729,4
730,壬,3,3,5,3,3,3,True,True,False,True,True,730,2
731,会,2,2,2,2,3,2,True,True,True,True,False,731,1
732,Q,4,4,5,3,3,3,False,False,False,True,True,732,2
733,リリース,3,4,5,3,3,3,True,False,False,True,True,733,0
734,書,4,3,5,4,3,3,False,True,False,False,True,734,1
735,不動産,2,2,4,2,2,2,True,True,False,True,True,735,0
736,廃棄,3,3,5,3,4,3,True,True,False,True,False,736,0
737,ソフトウェア,4,5,5,4,3,3,False,False,False,False,True,737,2
738,住,4,4,6,4,4,4,True,True,False,True,True,738,0
739,プラン,4,3,5,4,4,3,False,True,False,False,False,739,1
740,画像,2,2,4,2,3,2,True,True,False,True,False,740,0
741,店舗,2,3,5,3,3,2,True,False,False,False,False,741,0
742,専門,4,4,5,3,4,3,False,False,False,True,False,742,4
743,追求,3,1,4,3,3,1,False,True,False,False,False,743,1
744,○.,3,3,5,3,3,3,True,True,False,True,True,744,2
745,予約,2,3,3,3,3,2,True,False,False,False,False,745,0
746,埋立,3,3,5,3,4,3,True,True,False,True,False,746,1
747,法人,2,3,3,2,2,2,True,False,False,True,True,747,0
748,入学,3,4,5,3,3,3,True,False,False,True,True,748,0
749,独り言,2,3,4,2,3,2,True,False,False,True,False,749,4
750,活躍,5,6,6,5,3,3,False,False,False,False,True,750,2
751,協力,4,4,4,4,3,3,False,False,False,False,True,751,2
752,協議,3,3,4,3,3,3,True,True,False,True,True,752,2
753,競輪,3,4,5,3,3,3,True,False,False,True,True,753,4
754,関西,3,3,3,3,4,3,True,True,True,True,False,754,1
755,推進,3,3,4,3,4,3,True,True,False,True,False,755,0
756,温泉,4,3,5,4,4,3,False,True,False,False,False,756,1
757,電話,2,3,4,2,2,2,True,False,False,True,True,757,2
758,ページ,2,3,3,3,2,2,True,False,False,False,True,758,0
759,放送,3,4,5,3,3,3,True,False,False,True,True,759,0
760,課長,3,3,5,3,3,3,True,True,False,True,True,760,4
761,ユニセフ,3,3,3,3,2,2,False,False,False,False,True,761,2
762,国会図書館,3,2,5,3,3,2,False,True,False,False,False,762,1
763,方法,3,3,4,3,3,3,True,True,False,True,True,763,4
764,LIFULL,3,3,5,3,3,3,True,True,False,True,True,764,1
765,ミオ,5,5,6,5,3,3,False,False,False,False,True,765,2
766,変更,3,3,4,3,3,3,True,True,False,True,True,766,4
767,株主,3,4,3,3,3,3,True,False,True,True,True,767,4
768,マラソン,4,4,5,3,4,3,False,False,False,True,False,768,4
769,本郷,1,2,5,2,3,1,True,False,False,False,False,769,0
770,ジャンボ,4,5,6,4,4,4,True,False,False,True,True,770,4
771,].,3,3,5,3,3,3,True,True,False,True,True,771,1
772,発行,3,4,3,3,3,3,True,False,True,True,True,772,4
773,宮城,3,4,5,3,3,3,True,False,False,True,True,773,0
774,プログラム,3,4,5,3,3,3,True,False,False,True,True,774,2
775,セット,4,4,6,4,4,4,True,True,False,True,True,775,1
776,ライブ,2,3,3,2,3,2,True,False,False,True,False,776,0
777,ディズニーランド,3,4,5,3,3,3,True,False,False,True,True,777,0
778,スタッフ,3,4,5,3,3,3,True,False,False,True,True,778,4
779,携帯,3,4,5,3,3,3,True,False,False,True,True,779,0
780,東進,4,4,5,3,3,3,False,False,False,True,True,780,4
781,英,4,4,5,3,3,3,False,False,False,True,True,781,2
782,医学部,2,2,4,1,3,1,False,False,False,True,False,782,4
783,フレッツ,3,4,5,3,3,3,True,False,False,True,True,783,0
784,取り扱い,3,4,5,4,4,3,True,False,False,False,False,784,0
785,絃,4,4,6,4,4,4,True,True,False,True,True,785,1
786,コンテンツ,2,3,4,2,2,2,True,False,False,True,True,786,0
787,国立,3,2,4,3,3,2,False,True,False,False,False,787,1
788,うた,4,4,6,4,3,3,False,False,False,False,True,788,2
789,町名,3,4,5,3,3,3,True,False,False,True,True,789,0
790,都,3,4,5,3,3,3,True,False,False,True,True,790,0
791,模試,3,3,5,3,3,3,True,True,False,True,True,791,4
792,分譲,3,3,5,3,3,3,True,True,False,True,True,792,0
793,ゴルフ,4,4,5,3,4,3,False,False,False,True,False,793,4
794,サッカー,3,5,6,4,4,3,True,False,False,False,False,794,0
795,スポット,3,3,5,3,3,3,True,True,False,True,True,795,0
796,修理,3,4,5,4,4,3,True,False,False,False,False,796,0
797,オンエア,3,4,5,3,3,3,True,False,False,True,True,797,2
798,メールアドレス,4,4,3,4,4,3,False,False,True,False,False,798,3
799,チャート,3,4,5,3,4,3,True,False,False,True,False,799,4
800,接続,3,4,5,4,3,3,True,False,False,False,True,800,2
801,企業,3,3,3,3,3,3,True,True,True,True,True,801,0
802,財,3,4,4,3,4,3,True,False,False,True,False,802,0
803,名称,3,3,5,3,3,3,True,True,False,True,True,803,4
804,ゃ,4,4,6,4,4,4,True,True,False,True,True,804,0
805,きっぷ,3,3,5,3,3,3,True,True,False,True,True,805,0
806,入会,3,3,3,3,4,3,True,True,True,True,False,806,4
